<?xml version="1.0" encoding="UTF-8"?>
<ti:app xmlns:ti="http://ti.appcelerator.org">
	<id>com.stephenfeather.gimbal</id>
	<name>gimbal</name>
	<version>1.0</version>
	<publisher>not specified</publisher>
	<url></url>
	<description>not specified</description>
	<copyright>not specified</copyright>
	<icon>appicon.png</icon>
	<fullscreen>false</fullscreen>
	<navbar-hidden>false</navbar-hidden>
	<analytics>true</analytics>
	<guid>9b2fef6a-d44a-47b8-97aa-dde718b26ffc</guid>
	<property name="ti.ui.defaultunit" type="string">dp</property>
	<ios>
		<plist>
			<dict>
				<key>CFBundleURLSchemes</key>
				<array>
					<string>tigimbal</string>
				</array>
				<key>UISupportedInterfaceOrientations~iphone</key>
				<array>
					<string>UIInterfaceOrientationPortrait</string>
				</array>
				<key>UISupportedInterfaceOrientations~ipad</key>
				<array>
					<string>UIInterfaceOrientationPortrait</string>
					<string>UIInterfaceOrientationPortraitUpsideDown</string>
					<string>UIInterfaceOrientationLandscapeLeft</string>
					<string>UIInterfaceOrientationLandscapeRight</string>
				</array>
				<key>UIRequiresPersistentWiFi</key>
				<false/>
				<key>UIPrerenderedIcon</key>
				<false/>
				<key>UIStatusBarHidden</key>
				<false/>
				<key>UIStatusBarStyle</key>
				<string>UIStatusBarStyleDefault</string>
			</dict>
		</plist>
	</ios>
	<android xmlns:android="http://schemas.android.com/apk/res/android">
	</android>
	<mobileweb>
		<precache>
		</precache>
		<splash>
			<enabled>true</enabled>
			<inline-css-images>true</inline-css-images>
		</splash>
		<theme>default</theme>
	</mobileweb>
	<modules>
		<module platform="iphone">com.stephenfeather.tigimbal</module>
	</modules>
	<deployment-targets>
		<target device="android">false</target>
		<target device="blackberry">false</target>
		<target device="ipad">false</target>
		<target device="iphone">true</target>
		<target device="mobileweb">false</target>
		<target device="tizen">false</target>
	</deployment-targets>
	<sdk-version>3.2.0.GA</sdk-version>
</ti:app>